id,date_of_completion,lot_number,vaccine_name,vaccine_name_sct_code,immunization_report_id,age,base64file,brand_name,doctor,note,type,branch_id
3,2024-07-31 05:30:00,97789,Deoxyribonucleic acid of COVID-19,1179416004,2041,,,,,,,6
4,2024-08-02 05:30:00,87,Deoxyribonucleic acid of COVID-19,1179416004,2053,,,,,,,6
5,2024-08-29 05:30:00,1,COVID-19 antigen vaccine,1119305005,2067,,,,,,,6
6,2024-08-02 05:30:00,1,COVID-19 vaccine,28531000087107,2074,,,,,,,6
7,2024-08-02 05:30:00,1,Ribonucleic acid of COVID-19,1240411000000107,2077,,,,,,,6
8,2024-08-02 05:30:00,1,COVID-19 mRNA vaccine,1119349007,2079,,,,,,,6
9,2024-08-02 05:30:00,1,COVID-19 antigen vaccine,1119305005,2098,,,,,,,6
10,2024-08-02 05:30:00,1,COVENANT (product),100269005,2105,,,,,,,6
11,2024-08-02 05:30:00,4567,Deoxyribonucleic acid of COVID-19,1179416004,2111,,,,,,,6
12,2024-08-02 05:30:00,12,COVID-19 vaccine,28531000087107,2112,,,,,,,6
13,2024-08-02 05:30:00,1,FIV vaccine,417705009,2116,,,,,,,6
14,2024-08-02 05:30:00,878,Messenger ribonucleic acid of COVID-19,1119343008,2118,,,,,,,6
15,2024-08-03 05:30:00,3445,COVENANT (product),100269005,2123,,,,,,,6
16,2024-08-05 05:30:00,6665,Cannabinoid,255642008,2134,,,,,,,6
17,2024-08-06 05:30:00,455,TREMBLEX,101981007,2142,,,,,,,6
18,2024-08-12 05:30:00,12,COVID-19 vaccine,28531000087107,2163,,,,,,,6
19,2024-08-12 05:30:00,767,5-hydroxytryptamine,33635003,2172,,,,,,,6
20,2024-08-13 05:30:00,12,Ribonucleic acid of COVID-19,1240411000000107,2175,,,,,,,6
21,2024-08-13 05:30:00,BC12121,COVID-19 inactivated whole antigen vaccine,1157024006,2176,,,,,,,6
22,2024-08-13 05:30:00,BC12121,Messenger ribonucleic acid of COVID-19,1119343008,2178,,,,,,,6
23,2024-08-05 05:30:00,BC213123,COVID-19 virus-like particle antigen vaccine,30141000087107,2180,,,,,,,6
24,2024-08-13 05:30:00,89i,COVEXIN 8,100271005,2182,,,,,,,6
25,2024-08-05 05:30:00,BDcdwe12,BCG vaccine,76685007,2187,,,,,,,6
26,2024-08-13 05:30:00,BC001,COVID-19 virus-like particle antigen vaccine,30141000087107,2195,,,,,,,6
27,2024-08-13 05:30:00,BC001,Ribonucleic acid of COVID-19,1240411000000107,2197,,,,,,,6
28,2024-08-14 05:30:00,765,Trichlopyr,725565003,2208,,,,,,,6
29,2024-08-20 05:30:00,766,COVEXIN 8 (product),100271005,2226,,,,,,,6
30,2024-08-20 05:30:00,44,COVERAGE 256,100270006,2232,,,,,,,6
31,2024-08-21 05:30:00,765,Sorbitan sesquioleate (substance),255905003,2242,,,,,,,6
32,2024-08-22 05:30:00,789,Tremetol,79271005,2250,,,,,,,6
33,2024-08-24 05:30:00,6556,COVID-19 virus-like particle antigen vaccine,30141000087107,2259,,,,,,,6
34,2024-08-27 05:30:00,i9898,Opiate,404642006,2273,,,,,,,6
35,2024-08-28 05:30:00,33,BAYTRIL (substance),99946009,2292,,,,,,,6
36,2024-08-29 05:30:00,76765,Tryptase,115522006,2307,,,,,,,6
37,2023-08-22 05:30:00,ek4170,COVID-19 vaccine,28531000087107,2311,,,,,,,6
38,2024-08-30 05:30:00,en601,COVID-19 vaccine,28531000087107,2330,,,,,,,6
39,2024-07-01 05:30:00,12872326459,COVID-19 vaccine,28531000087107,2340,,,,,,,6
40,2024-09-02 05:30:00,ki9,Iophendylate,28121005,2348,,,,,,,6
41,2024-09-02 05:30:00,er8729,COVID-19 vaccine,28531000087107,2350,,,,,,,6
42,2024-07-20 05:30:00,653234,COVID-19 vaccine,28531000087107,2356,,,,,,,6
43,2024-09-02 05:30:00,ek809,COVID-19 vaccine,28531000087107,2360,,,,,,,6
44,2024-09-03 05:30:00,1021,COVID-19 vaccine,28531000087107,2379,,,,,,,6
45,2024-07-03 05:30:00,3246,Intravesical BCG,108802008,2407,,,,,,,6
46,2024-09-03 05:30:00,ek506,COVID-19 vaccine,28531000087107,2427,,,,,,,6
47,2024-09-11 05:30:00,AB12345,COVID-19 vaccine,28531000087107,2434,,,,,,,6
48,2024-09-12 05:30:00,ab560,COVID-19 vaccine,28531000087107,2445,,,,,,,6
49,2024-09-10 05:30:00,AB456,COVID-19 vaccine,28531000087107,2458,,,,,,,6
50,2024-09-17 05:30:00,ek034,COVID-19 vaccine,28531000087107,2462,,,,,,,6
51,2024-09-17 05:30:00,ab5560,COVID-19 vaccine,28531000087107,2472,,,,,,,6
52,2024-09-18 05:30:00,9899,Blood group antigen Jopson (substance),19022009,2474,,,,,,,6
53,2024-09-19 05:30:00,ek550,COVID-19 vaccine,28531000087107,2481,,,,,,,6
